{
    "negativo": "",
    "positivo": "",
    "carrinho": "",
    "voltar": "",
    "mais2": "",
    "menos2": "",
    "casa": "",
    "ligado": "",
    "desligado": "",
    "apagar": "",
    "config2": "",
    "config3": "",
    "ticket": "",
    "user": "",
    "carteira": "",
    "rotas": "",
    "editar": "",
    "canalText": "",
    "cargo": "",
    "reload": "",
    "preview": "",
    "embedE": "",
    "safety": "",
    "dev": "",
    "diretorio": "",
    "mensagem": "",
    "arrow": "",
    "clock": "",
    "bot": "",
    "mercadopagoE": "",
    "banco": "",
    "rendimentos": "",
    "caixa": "",
    "cupom": "",
    "attach": "",
    "db": "",
    "carregarAnimado": "",
    "procurar": "",
    "wand": "",
    "bag": "",
    "fantasma": "",
    "sino": "",
    "personalizarE": "",
    "cloud": "",
    "canal": "",
    "users": "",
    "dollar": "",
    "lupa": "",
    "efibankE": "",
    "fields": "",
    "recibo": "",
    "ease": "",
    "pedidoEntregue": "",
    "pedidoSolicitado": "",
    "produtoEntregue": "",
    "carrinhoCancelado": "",
    "pix": "",
    "bancoBloqueado": "",
    "pedidoRealizado": ""
}